WeekDate;Count
29.06.2014;0.1526
06.07.2014;0.1244
13.07.2014;0.1312
20.07.2014;0.1206
27.07.2014;0.1429
03.08.2014;0.1225
10.08.2014;0.1584
17.08.2014;0.1623
24.08.2014;0.1701
31.08.2014;0.1672
07.09.2014;0.1196
14.09.2014;0.2147
21.09.2014;0.1972
28.09.2014;0.1846
05.10.2014;0.1681
12.10.2014;0.1904
19.10.2014;0.1817
26.10.2014;0.206
02.11.2014;0.2108
09.11.2014;0.1701
16.11.2014;0.2108
23.11.2014;0.2361
30.11.2014;0.2176
07.12.2014;0.2603
14.12.2014;0.3652
21.12.2014;0.4904
28.12.2014;0.272
04.01.2015;0.3283
11.01.2015;0.3613
18.01.2015;0.3477
25.01.2015;0.3322
01.02.2015;0.273
08.02.2015;0.3069
15.02.2015;0.2137
22.02.2015;0.2739
01.03.2015;0.2768
08.03.2015;0.273
15.03.2015;0.1691
22.03.2015;0.2652
29.03.2015;0.2875
05.04.2015;0.2137
12.04.2015;0.2264
19.04.2015;0.1749
26.04.2015;0.2021
03.05.2015;0.2623
10.05.2015;0.1623
17.05.2015;0.2351
24.05.2015;0.2448
31.05.2015;0.1904
07.06.2015;0.1584
14.06.2015;0.1477
21.06.2015;0.1875
28.06.2015;0.1681
05.07.2015;0.1817
12.07.2015;0.1749
19.07.2015;0.1574
26.07.2015;0.1759
02.08.2015;0.1526
09.08.2015;0.1749
16.08.2015;0.1526
23.08.2015;0.2031
30.08.2015;0.2157
06.09.2015;0.1604
13.09.2015;0.1837
20.09.2015;0.1943
27.09.2015;0.2118
04.10.2015;0.1982
11.10.2015;0.2196
18.10.2015;0.1633
25.10.2015;0.2147
01.11.2015;0.2021
08.11.2015;0.2302
15.11.2015;0.2477
22.11.2015;0.2788
29.11.2015;0.2953
06.12.2015;0.2992
13.12.2015;0.3458
20.12.2015;0.668
27.12.2015;0.3555
03.01.2016;0.3545
10.01.2016;0.3438
17.01.2016;0.3729
24.01.2016;0.3904
31.01.2016;0.3516
07.02.2016;0.5865
14.02.2016;0.4506
21.02.2016;0.4283
28.02.2016;0.303
06.03.2016;0.3137
13.03.2016;0.2759
20.03.2016;0.2603
27.03.2016;0.2875
03.04.2016;0.207
10.04.2016;0.2545
17.04.2016;0.2506
24.04.2016;0.2429
01.05.2016;0.1817
08.05.2016;0.2448
15.05.2016;0.2021
22.05.2016;0.2157
29.05.2016;0.1837
05.06.2016;0.2322
12.06.2016;0.1788
19.06.2016;0.1526
26.06.2016;0.2128
03.07.2016;0.1633
10.07.2016;0.1691
17.07.2016;0.2137
24.07.2016;0.1322
31.07.2016;0.1739
07.08.2016;0.2079
14.08.2016;0.2147
21.08.2016;0.1972
28.08.2016;0.2565
04.09.2016;0.2361
11.09.2016;0.2409
18.09.2016;0.2089
25.09.2016;0.2099
02.10.2016;0.205
09.10.2016;0.2225
16.10.2016;0.2128
23.10.2016;0.2225
30.10.2016;0.2817
06.11.2016;0.2943
13.11.2016;0.3176
20.11.2016;0.2594
27.11.2016;0.303
04.12.2016;0.3273
11.12.2016;0.3263
18.12.2016;0.602
25.12.2016;0.596
01.01.2017;0.5904
08.01.2017;0.4331
15.01.2017;0.3564
22.01.2017;0.4215
29.01.2017;0.438
05.02.2017;0.4865
12.02.2017;0.4098
19.02.2017;0.4176
26.02.2017;0.4603
05.03.2017;0.372
12.03.2017;0.4506
19.03.2017;0.3409
26.03.2017;0.3652
02.04.2017;0.2603
09.04.2017;0.3186
16.04.2017;0.3263
23.04.2017;0.2351
30.04.2017;0.2846
07.05.2017;0.2254
14.05.2017;0.2273
21.05.2017;0.2895
28.05.2017;0.3001
04.06.2017;0.2487
11.06.2017;0.1895
18.06.2017;0.1739
25.06.2017;0.1788
02.07.2017;0.1497
09.07.2017;0.1846
16.07.2017;0.1206
23.07.2017;0.1875
30.07.2017;0.14
06.08.2017;0.1322
13.08.2017;0.2108
20.08.2017;0.1943
27.08.2017;0.1972
03.09.2017;0.237
10.09.2017;0.2293
17.09.2017;0.1943
24.09.2017;0.2264
01.10.2017;0.303
08.10.2017;0.2953
15.10.2017;0.1982
22.10.2017;0.206
29.10.2017;0.2108
05.11.2017;0.2002
12.11.2017;0.273
19.11.2017;0.2817
26.11.2017;0.3341
03.12.2017;0.2565
10.12.2017;0.3001
17.12.2017;0.3545
24.12.2017;0.7593
31.12.2017;0.6321
07.01.2018;0.4884
14.01.2018;0.4331
21.01.2018;0.403
28.01.2018;0.3584
04.02.2018;0.3273
11.02.2018;0.3458
18.02.2018;0.338
25.02.2018;0.3448
04.03.2018;0.3477
11.03.2018;0.2953
18.03.2018;0.3933
25.03.2018;0.3681
01.04.2018;0.303
08.04.2018;0.2545
15.04.2018;0.2128
22.04.2018;0.237
29.04.2018;0.2409
06.05.2018;0.2681
13.05.2018;0.1769
20.05.2018;0.1555
27.05.2018;0.2535
03.06.2018;0.1769
10.06.2018;0.1817
17.06.2018;0.1604
24.06.2018;0.1672
01.07.2018;0.1827
08.07.2018;0.1943
15.07.2018;0.1672
22.07.2018;0.1439
29.07.2018;0.1749
05.08.2018;0.1264
12.08.2018;0.1565
19.08.2018;0.1429
26.08.2018;0.1322
02.09.2018;0.2079
09.09.2018;0.1584
16.09.2018;0.1943
23.09.2018;0.1846
30.09.2018;0.1749
07.10.2018;0.1856
14.10.2018;0.1555
21.10.2018;0.2565
28.10.2018;0.2497
04.11.2018;0.2011
11.11.2018;0.2778
18.11.2018;0.2099
25.11.2018;0.3079
02.12.2018;0.2574
09.12.2018;0.2574
16.12.2018;0.2846
23.12.2018;0.5506
30.12.2018;0.4292
06.01.2019;0.3953
13.01.2019;0.3215
20.01.2019;0.3972
27.01.2019;0.3962
03.02.2019;0.3933
10.02.2019;0.3885
17.02.2019;0.4778
24.02.2019;0.3972
03.03.2019;0.4137
10.03.2019;0.4719
17.03.2019;0.3972
24.03.2019;0.4564
31.03.2019;0.4283
07.04.2019;0.3147
14.04.2019;0.338
21.04.2019;0.2788
28.04.2019;0.3098
05.05.2019;0.3118
12.05.2019;0.3176
19.05.2019;0.306
26.05.2019;0.3302
02.06.2019;0.3118
09.06.2019;0.239
16.06.2019;0.2157
23.06.2019;0.1691
30.06.2019;0.2021
07.07.2019;0.2254
14.07.2019;0.1846
21.07.2019;0.1885
28.07.2019;0.1943
04.08.2019;0.1613
11.08.2019;0.1691
18.08.2019;0.1623
25.08.2019;0.1807
01.09.2019;0.2467
08.09.2019;0.2031
15.09.2019;0.1846
22.09.2019;0.2225
29.09.2019;0.2147
06.10.2019;0.2817
13.10.2019;0.2526
20.10.2019;0.2642
27.10.2019;0.3118
03.11.2019;0.3477
10.11.2019;0.3807
17.11.2019;0.3166
24.11.2019;0.4787
01.12.2019;0.3438
08.12.2019;0.3778
15.12.2019;0.4719
22.12.2019;0.967
29.12.2019;0.9971
05.01.2020;0.6059
12.01.2020;0.5583
19.01.2020;0.6729
26.01.2020;0.5477
02.02.2020;0.5554
09.02.2020;0.603
16.02.2020;0.6146
23.02.2020;0.6205
