Week;Total ILI;Total Patients;% Unweighted ILI;%Weighted ILI
200040;1041;84727;1;
200041;1227;116910;1;
200042;1520;134545;1;
200043;1768;145152;1;
200044;1854;150659;1;
200045;2199;155669;1;
200046;2424;163868;1;
200047;2343;131094;2;
200048;2855;178641;2;
200049;3097;178529;2;
200050;3394;165935;2;
200051;3361;139431;2;
200052;4152;122719;3;
200101;4786;148528;3;
200102;5544;177720;3;
200103;6710;176002;4;
200104;7894;188419;4;
200105;7271;182105;4;
200106;6464;178697;4;
200107;4818;171043;3;
200108;3898;162035;2;
200109;2604;149742;2;
200110;2559;155408;2;
200111;1911;139685;1;
200112;1831;132140;1;
200113;1547;128808;1;
200114;1217;110742;1;
200115;902;96587;1;
200116;954;102499;1;
200117;726;98993;1;
200118;640;89885;1;
200119;564;82045;1;
200120;391;54216;1;
200121;;;;
200122;;;;
200123;;;;
200124;;;;
200125;;;;
200126;;;;
200127;;;;
200128;;;;
200129;;;;
200130;;;;
200131;;;;
200132;;;;
200133;;;;
200134;;;;
200135;;;;
200136;;;;
200137;;;;
200138;;;;
200139;;;;
200140;1362;135381;1;
200141;1753;158186;1,1;
200142;1910;164006;1,2;
200143;2202;172552;1,3;
200144;2370;181989;1,3;
200145;2320;189258;1,2;
200146;2487;184437;1,3;
200147;2082;141009;1,5;
200148;2534;178778;1,4;
200149;2250;176325;1,3;
200150;2157;169124;1,3;
200151;2251;147695;1,5;
200152;2249;103715;2,2;
200201;2563;129407;2;
200202;2863;169204;1,7;
200203;3705;177303;2,1;
200204;4786;160501;3;
200205;5553;185738;3;
200206;5610;188733;3;
200207;5795;181007;3,2;
200208;5625;177918;3,2;
200209;5054;182066;2,8;
200210;3526;162265;2,2;
200211;2932;149951;2;
200212;2178;136268;1,6;
200213;1962;134659;1,5;
200214;1629;131152;1,2;
200215;1136;118852;1;
200216;929;113458;0,8;
200217;771;103999;0,7;
200218;637;92814;0,7;
200219;551;82475;0,7;
200220;261;45496;0,6;
200221;;;;
200222;;;;
200223;;;;
200224;;;;
200225;;;;
200226;;;;
200227;;;;
200228;;;;
200229;;;;
200230;;;;
200231;;;;
200232;;;;
200233;;;;
200234;;;;
200235;;;;
200236;;;;
200237;;;;
200238;;;;
200239;;;;
200240;2056;173931;1,2;
200241;2246;184320;1,2;
200242;2160;190250;1,1;
200243;2577;205199;1,3;
200244;2885;221422;1,3;
200245;3201;228408;1,4;
200246;3079;221934;1,4;
200247;2941;221291;1,3;
200248;2697;187326;1,4;
200249;3029;240475;1,3;
200250;2924;232002;1,3;
200251;3395;212881;1,6;
200252;2786;141748;2;
200301;2989;167992;1,8;
200302;3534;230792;1,5;
200303;4002;227174;1,8;
200304;5438;230205;2,4;
200305;6762;239642;2,8;
200306;7651;240226;3,2;
200307;7506;245763;3,1;
200308;6829;231757;2,9;
200309;5524;234186;2,4;
200310;4321;219891;2;
200311;3767;213563;1,8;
200312;2950;190556;1,5;
200313;2402;188466;1,3;
200314;1998;182974;1,1;
200315;2035;183281;1,1;
200316;1385;165631;0,8;
200317;1391;163425;0,9;
200318;999;152434;0,7;
200319;881;131723;0,7;
200320;611;71839;0,9;
200321;;;;
200322;;;;
200323;;;;
200324;;;;
200325;;;;
200326;;;;
200327;;;;
200328;;;;
200329;;;;
200330;;;;
200331;;;;
200332;;;;
200333;;;;
200334;;;;
200335;;;;
200336;;;;
200337;;;;
200338;;;;
200339;;;;
200340;2442;254144;0,961;0,883
200341;2932;281045;1,043;1,025
200342;3028;287180;1,054;1,28
200343;3475;312412;1,112;1,323
200344;4674;331689;1,409;1,762
200345;5790;335258;1,727;2,426
200346;8385;348202;2,408;2,711
200347;11139;357853;3,113;3,723
200348;11734;272470;4,307;4,542
200349;18915;392435;4,82;5,396
200350;24858;388046;6,406;7,404
200351;23638;344574;6,86;7,508
200352;16405;232228;7,064;7,642
200353;11306;248467;4,55;5,152
200401;7600;314008;2,42;2,901
200402;5576;307876;1,811;2,103
200403;4967;288638;1,721;1,889
200404;4446;286070;1,554;1,791
200405;4258;293348;1,452;1,467
200406;3818;286980;1,33;1,397
200407;3681;279667;1,316;1,322
200408;2891;278151;1,039;1,099
200409;2734;266345;1,026;1,011
200410;2691;253248;1,063;1,052
200411;2467;238840;1,033;1,101
200412;2281;239906;0,951;0,877
200413;1850;226351;0,817;0,786
200414;1684;202371;0,832;0,7
200415;1723;194636;0,885;0,725
200416;1577;186914;0,844;0,68
200417;1265;176074;0,718;0,537
200418;1293;134214;0,963;0,593
200419;1106;114903;0,963;0,533
200420;900;80382;1,12;0,867
200421;;;;
200422;;;;
200423;;;;
200424;;;;
200425;;;;
200426;;;;
200427;;;;
200428;;;;
200429;;;;
200430;;;;
200431;;;;
200432;;;;
200433;;;;
200434;;;;
200435;;;;
200436;;;;
200437;;;;
200438;;;;
200439;;;;
200440;3127;340844;0,917;0,988
200441;3638;354414;1,026;1,029
200442;4013;375300;1,069;1,173
200443;4107;378417;1,085;1,285
200444;4534;374350;1,211;1,287
200445;4982;378583;1,316;1,433
200446;4995;384268;1,3;1,432
200447;4680;294937;1,587;1,741
200448;5392;383366;1,406;1,574
200449;5455;373839;1,459;1,674
200450;5906;355459;1,662;1,877
200451;5684;258561;2,198;2,39
200452;7300;282602;2,583;2,793
200501;7842;367539;2,134;2,393
200502;8191;374316;2,188;2,522
200503;9270;367223;2,524;2,844
200504;12295;402709;3,053;3,548
200505;16106;402544;4,001;4,608
200506;19262;418778;4,6;5,058
200507;19407;413416;4,694;5,435
200508;16477;393771;4,184;4,492
200509;13038;378248;3,447;3,691
200510;11219;357908;3,135;3,35
200511;9101;345265;2,636;2,798
200512;7686;325333;2,363;2,555
200513;6150;319770;1,923;2,073
200514;4635;297049;1,56;1,649
200515;4281;294727;1,453;1,597
200516;3542;282929;1,252;1,297
200517;3393;270916;1,252;1,249
200518;2724;235908;1,155;1,16
200519;2612;201691;1,295;1,221
200520;1435;125749;1,141;0,991
200521;;;;
200522;;;;
200523;;;;
200524;;;;
200525;;;;
200526;;;;
200527;;;;
200528;;;;
200529;;;;
200530;;;;
200531;;;;
200532;;;;
200533;;;;
200534;;;;
200535;;;;
200536;;;;
200537;;;;
200538;;;;
200539;;;;
200540;3574;327722;1,091;1,199
200541;3472;334586;1,038;1,217
200542;4071;364001;1,118;1,297
200543;4261;374875;1,137;1,344
200544;5003;392088;1,276;1,592
200545;5066;372810;1,359;1,475
200546;5260;377127;1,395;1,615
200547;4810;297031;1,619;1,838
200548;5906;399236;1,479;1,76
200549;6366;382462;1,664;1,941
200550;7662;379719;2,018;2,357
200551;8122;328478;2,473;2,962
200552;8796;289018;3,043;3,264
200601;8287;341239;2,429;2,606
200602;7847;392318;2;2,246
200603;7831;377903;2,072;2,355
200604;9094;407119;2,234;2,405
200605;9519;407149;2,338;2,521
200606;10316;412561;2,5;2,656
200607;11008;389398;2,827;3,126
200608;11640;390892;2,978;3,106
200609;11203;390558;2,868;3,169
200610;11039;394275;2,8;3,097
200611;9160;366572;2,499;2,657
200612;7775;356757;2,179;2,421
200613;7119;341856;2,082;2,376
200614;5491;328225;1,673;1,865
200615;4296;308502;1,393;1,462
200616;3395;283950;1,196;1,355
200617;2985;272293;1,096;1,185
200618;2488;239396;1,039;1,117
200619;2155;191579;1,125;1,138
200620;1239;122722;1,01;0,938
200621;;;;
200622;;;;
200623;;;;
200624;;;;
200625;;;;
200626;;;;
200627;;;;
200628;;;;
200629;;;;
200630;;;;
200631;;;;
200632;;;;
200633;;;;
200634;;;;
200635;;;;
200636;;;;
200637;;;;
200638;;;;
200639;;;;
200640;4460;371765;1,2;1,146
200641;4049;381597;1,061;1,146
200642;4641;413907;1,121;1,224
200643;4797;429068;1,118;1,207
200644;5303;441301;1,202;1,31
200645;6014;449437;1,338;1,45
200646;6571;444927;1,477;1,52
200647;6039;332192;1,818;1,889
200648;7340;443487;1,655;1,793
200649;8044;430057;1,87;1,956
200650;10247;429704;2,385;2,374
200651;9782;358115;2,732;2,833
200652;8641;281878;3,066;2,98
200701;8174;363771;2,247;2,371
200702;7640;409297;1,867;2,077
200703;7724;387956;1,991;2,253
200704;10688;437090;2,445;2,747
200705;11835;420789;2,813;3,023
200706;14005;444405;3,151;3,523
200707;13718;425720;3,222;3,555
200708;13609;431261;3,156;3,288
20079;11463;420711;2,725;2,893
200710;10362;413438;2,506;2,627
200711;9142;379733;2,407;2,522
200712;7190;367812;1,955;2,092
200713;5861;372483;1,573;1,842
200714;4646;339139;1,37;1,372
200715;4524;332707;1,36;1,438
200716;3739;328180;1,139;1,12
200717;3309;312620;1,058;1,045
200718;2657;266171;0,998;0,934
200719;2227;225132;0,989;1,025
200720;1458;157497;0,926;0,881
200721;;;;
200722;;;;
200723;;;;
200724;;;;
200725;;;;
200726;;;;
200727;;;;
200728;;;;
200729;;;;
200730;;;;
200731;;;;
200732;;;;
200733;;;;
200734;;;;
200735;;;;
200736;;;;
200737;;;;
200738;;;;
200739;;;;
200740;5504;517653;1,063;1,004
200741;6444;526967;1,223;1,225
200742;6945;555202;1,251;1,287
200743;7424;544210;1,364;1,407
200744;7906;545187;1,45;1,472
200745;8676;563677;1,539;1,562
200746;9113;541030;1,684;1,634
200747;8338;430262;1,938;1,829
200748;8795;541528;1,624;1,628
200749;7933;500377;1,585;1,644
200750;8040;453694;1,772;1,714
200751;8590;449569;1,911;1,951
200752;8615;348706;2,471;2,548
200801;9397;421799;2,228;2,45
200802;10435;518437;2,013;2,303
200803;11804;507368;2,327;2,65
200804;16808;508757;3,304;3,971
200805;23907;546940;4,371;5,015
200806;29421;582898;5,047;5,748
200807;30672;577800;5,308;5,97
200808;29651;563437;5,263;5,64
200809;24486;583232;4,198;4,502
200810;19803;548097;3,613;3,841
200811;16086;537262;2,994;3,236
200812;11937;496549;2,404;2,555
200813;9889;485003;2,039;2,057
200814;8073;464833;1,737;1,672
200815;6553;468804;1,398;1,324
200816;5468;443820;1,232;1,141
200817;4172;414603;1,006;1,014
200818;3322;366353;0,907;0,91
200819;3396;371387;0,914;0,882
200820;2378;270141;0,88;0,846
200821;;;;
200822;;;;
200823;;;;
200824;;;;
200825;;;;
200826;;;;
200827;;;;
200828;;;;
200829;;;;
200830;;;;
200831;;;;
200832;;;;
200833;;;;
200834;;;;
200835;;;;
200836;;;;
200837;;;;
200838;;;;
200839;;;;
200840;5197;577326;0,9;1,007
200841;5987;614554;0,974;0,98
200842;6018;615977;0,977;0,974
200843;6446;638693;1,009;1,019
200844;6876;639531;1,075;1,09
200845;7241;653548;1,108;1,071
200846;7558;640084;1,181;1,107
200847;7806;652986;1,195;1,178
200848;7768;510902;1,52;1,356
200849;8848;641198;1,38;1,292
200850;8834;618939;1,427;1,29
200851;7884;517743;1,523;1,434
200852;8828;430611;2,05;1,791
200853;8723;456060;1,913;2,112
200901;9126;622752;1,465;1,445
200902;9443;605861;1,559;1,608
200903;11777;619801;1,9;1,942
200904;14596;652331;2,238;2,409
200905;18434;684485;2,693;2,915
200906;21832;690632;3,161;3,513
200907;20354;660645;3,081;3,336
200908;21272;705377;3,016;3,441
200909;18678;663748;2,814;3,165
200910;15925;678166;2,348;2,579
200911;13483;647676;2,082;2,414
200912;11565;650968;1,777;1,974
200913;9655;628386;1,536;1,802
200914;8723;606352;1,439;1,602
200915;7362;601188;1,225;1,285
200916;7452;611884;1,218;1,29
200917;18520;659174;2,81;2,727
200918;14732;634902;2,32;2,217
200919;12314;574475;2,144;1,741
200920;20585;571052;3,605;1,902
200921;22587;562863;4,013;1,864
200922;17328;574498;3,016;1,662
200923;12607;529718;2,38;1,733
200924;10964;553477;1,981;1,86
200925;8954;547012;1,637;1,581
200926;7573;511516;1,481;1,476
200927;6348;517722;1,226;1,391
200928;5986;539173;1,11;1,341
200929;5749;534753;1,075;1,158
200930;5521;511352;1,08;1,21
200931;5601;526288;1,064;1,152
200932;5803;527981;1,099;1,149
200933;8833;569078;1,552;1,446
200934;14349;608643;2,358;2,434
200935;17052;612017;3,415;3,475
200936;17949;603412;3,713;4,06
200937;20519;690184;3,792;4,248
200938;19218;655273;3,724;4,189
200939;21916;656827;4,259;4,869
200940;47128;836858;5,632;6,076
200941;55659;843647;6,597;7,028
200942;66227;881907;7,51;7,688
200943;64314;880154;7,307;7,514
200944;54686;875538;6,246;6,615
200945;41107;837865;4,906;5,194
200946;31485;831117;3,788;4,041
200947;22032;639302;3,446;3,517
200948;21630;799052;2,707;2,731
200949;18701;757774;2,468;2,471
200950;16189;706774;2,291;2,332
200951;13764;519166;2,651;2,577
200952;15075;565196;2,667;2,563
201001;13914;702563;1,98;1,881
201002;13523;747780;1,808;1,848
201003;14073;742068;1,896;1,857
201004;14397;760183;1,894;1,945
201005;15252;744613;2,048;2,064
201006;14879;734594;2,025;2,073
201007;14325;733546;1,953;1,899
201008;15751;789083;1,996;1,937
201009;14311;762369;1,877;1,907
201010;14037;750536;1,87;1,874
201011;12434;719175;1,729;1,749
201012;11018;724814;1,52;1,545
201013;10006;687521;1,455;1,501
201014;8189;692361;1,183;1,218
201015;7992;695639;1,149;1,166
201016;7415;663289;1,118;1,063
201017;7571;664292;1,14;1,078
201018;6901;620623;1,112;1,058
201019;6307;574976;1,097;1,047
201020;4932;473272;1,042;0,95
201021;;;;
201022;;;;
201023;;;;
201024;;;;
201025;;;;
201026;;;;
201027;;;;
201028;;;;
201029;;;;
201030;;;;
201031;;;;
201032;;;;
201033;;;;
201034;;;;
201035;;;;
201036;;;;
201037;;;;
201038;;;;
201039;;;;
201040;8744;759090;1,152;1,119
201041;9632;764955;1,259;1,249
201042;10035;795170;1,262;1,267
201043;10214;801772;1,274;1,263
201044;11409;782472;1,458;1,445
201045;12171;784230;1,552;1,532
201046;13728;799913;1,716;1,629
201047;12420;617301;2,012;1,858
201048;14340;784347;1,828;1,731
201049;15417;754203;2,044;1,894
201050;18614;718219;2,592;2,373
201051;20673;600855;3,441;3,133
201052;20917;606153;3,451;3,157
201101;20440;758452;2,695;2,548
201102;21242;723478;2,936;2,927
201103;26747;762803;3,506;3,455
201104;32691;810789;4,032;4,195
201105;35043;788561;4,444;4,545
201106;35340;825780;4,28;4,479
201107;37395;843171;4,435;4,576
201108;32300;826187;3,91;3,978
201109;25447;795218;3,2;3,418
201110;21079;761985;2,766;3,006
201111;17857;754035;2,368;2,63
201112;14485;738734;1,961;2,106
201113;13326;747456;1,783;1,88
201114;11958;739047;1,618;1,636
201115;9689;700664;1,383;1,433
201116;8945;673002;1,329;1,346
201117;8091;688249;1,176;1,218
201118;7554;663883;1,138;1,163
201119;7542;660474;1,142;1,138
201120;6781;629809;1,077;1,078
201121;6564;596644;1,1;1,124
201122;6265;544453;1,151;1,191
201123;5797;574182;1,01;1,006
201124;5213;547674;0,952;0,924
201125;4629;541196;0,855;0,874
201126;4330;511100;0,847;0,839
201127;4171;477826;0,873;0,848
201128;3879;534283;0,726;0,692
201129;3744;525283;0,713;0,654
201130;3685;519482;0,709;0,668
201131;3276;497351;0,659;0,553
201132;3572;524314;0,681;0,655
201133;4028;536081;0,751;0,685
201134;4598;554675;0,829;0,727
201135;4807;539088;0,892;0,842
201136;4869;503188;0,968;0,95
201137;5449;547684;0,995;1,057
201138;5535;534584;1,035;1,144
201139;5531;482778;1,146;1,136
201140;9358;775878;1,206;1,163
201141;9807;794919;1,234;1,188
201142;9956;792512;1,256;1,283
201143;10299;789508;1,304;1,291
201144;11396;784393;1,453;1,428
201145;11510;798975;1,441;1,397
201146;11728;802029;1,462;1,458
201147;10392;633774;1,64;1,559
201148;11481;783165;1,466;1,342
201149;11229;737911;1,522;1,486
201150;12157;729067;1,667;1,637
201151;11961;646123;1,851;1,83
201152;12367;586027;2,11;2,1
201201;11993;678778;1,767;1,735
201202;11547;746522;1,547;1,553
201203;11934;722911;1,651;1,632
201204;13212;785516;1,682;1,762
201205;14502;774986;1,871;1,938
201206;14615;784755;1,862;1,911
201207;15958;788060;2,025;2,106
201208;16139;764884;2,11;2,243
201209;16515;787373;2,097;2,223
201210;15798;747515;2,113;2,175
201211;17165;747968;2,295;2,387
201212;14518;753304;1,927;1,968
201213;13054;745163;1,752;1,856
201214;11976;709840;1,687;1,702
201215;10747;715076;1,503;1,539
201216;10124;730692;1,386;1,381
201217;9371;724983;1,293;1,296
201218;8997;660440;1,362;1,397
201219;8648;655356;1,32;1,347
201220;8065;635500;1,269;1,233
201221;7877;614420;1,282;1,232
201222;7154;548690;1,304;1,269
201223;6778;579874;1,169;1,118
201224;6132;562388;1,09;1,095
201225;6001;568940;1,055;1,108
201226;5775;533327;1,083;1,1
201227;5283;501604;1,053;1,124
201228;5169;552575;0,935;1,015
201229;4910;540468;0,908;0,94
201230;5090;554763;0,918;0,96
201231;5116;532624;0,961;1
201232;4971;538452;0,923;0,935
201233;4987;546901;0,912;0,866
201234;6030;579501;1,041;1,063
201235;6151;583547;1,054;1,111
201236;6015;537801;1,118;1,2
201237;6741;591025;1,141;1,098
201238;6745;590616;1,142;0,992
201239;6077;486853;1,248;1,143
201240;9400;784911;1,198;1,22
201241;10213;768398;1,329;1,349
201242;10619;809869;1,311;1,337
201243;10860;796963;1,363;1,379
201244;10990;739650;1,486;1,485
201245;12676;786890;1,611;1,65
201246;13456;775850;1,734;1,768
201247;14413;624927;2,306;2,307
201248;18546;833287;2,226;2,159
201249;24920;836965;2,977;2,841
201250;29219;811662;3,6;3,426
201251;34212;752603;4,546;4,315
201252;36545;605865;6,032;6,068
201301;34023;685893;4,96;4,652
201302;39995;858442;4,659;4,327
201303;39421;838473;4,702;4,515
201304;32443;779224;4,164;4,221
201305;29754;806140;3,691;3,793
201306;24968;774198;3,225;3,26
201307;22300;770009;2,896;3,023
201308;20481;754639;2,714;2,715
201309;19241;762746;2,523;2,485
201310;18829;742509;2,536;2,522
201311;17398;714745;2,434;2,395
201312;15210;722803;2,104;2,068
201313;13710;704155;1,947;1,903
201314;12262;701520;1,748;1,66
201315;10941;723965;1,511;1,434
201316;9153;693846;1,319;1,277
201317;8611;700804;1,229;1,195
201318;7935;668778;1,186;1,091
201319;7693;653250;1,178;1,068
201320;7267;622243;1,168;1,073
201321;6643;581836;1,142;1
201322;6110;538403;1,135;1,041
201323;5578;554465;1,006;0,916
201324;5394;536623;1,005;0,904
201325;5416;541645;1;0,904
201326;4836;535290;0,903;0,823
201327;4429;469584;0,943;0,852
201328;4425;537373;0,823;0,726
201329;4209;514992;0,817;0,733
201330;4169;517534;0,806;0,74
201331;3729;477618;0,781;0,707
201332;4026;514652;0,782;0,771
201333;4119;505673;0,815;0,784
201334;4166;501575;0,831;0,768
201335;4929;517039;0,953;0,91
201336;5342;514322;1,039;0,98
201337;5544;516874;1,073;0,969
201338;5028;447307;1,124;0,972
201339;;;;
201340;9732;863516;1,127;1,152
201341;10461;867328;1,206;1,268
201342;10689;854487;1,251;1,312
201343;12062;883581;1,365;1,365
201344;12526;878350;1,426;1,463
201345;13553;885993;1,53;1,576
201346;13939;872046;1,598;1,599
201347;15114;876368;1,725;1,72
201348;13978;666365;2,098;2,109
201349;18962;858302;2,209;2,166
201350;19428;802856;2,42;2,371
201351;24766;815189;3,038;3,18
201352;26884;612861;4,387;4,597
201401;28721;680679;4,219;4,291
201402;28149;811947;3,467;3,572
201403;28614;859797;3,328;3,368
201404;25477;785885;3,242;3,398
201405;23481;817326;2,873;3,118
201406;21198;813543;2,606;2,813
201407;18211;778029;2,341;2,485
201408;17208;811799;2,12;2,274
201409;15921;835169;1,906;2,068
201410;15036;789895;1,904;1,983
201411;14002;796441;1,758;1,817
201412;14927;804999;1,854;1,82
201413;14670;805304;1,822;1,755
201414;14617;796916;1,834;1,746
201415;14210;809868;1,755;1,673
201416;11732;770777;1,522;1,518
201417;10817;770761;1,403;1,448
201418;9690;767231;1,263;1,292
201419;9737;736101;1,323;1,374
201420;9010;706251;1,276;1,343
201421;8695;675397;1,287;1,347
201422;7564;621410;1,217;1,215
201423;7254;629749;1,152;1,208
201424;6689;630722;1,061;1,14
201425;6353;590569;1,076;1,071
201426;5960;591917;1,007;1,122
201427;5345;539631;0,99;0,941
201428;5213;596314;0,874;0,944
201429;5053;587482;0,86;0,941
201430;4682;586279;0,799;0,822
201431;4903;598109;0,82;0,845
201432;4687;600094;0,781;0,75
201433;4909;581210;0,845;0,765
201434;5202;630114;0,826;0,766
201435;5663;628444;0,901;0,852
201436;5897;561342;1,051;0,982
201437;7783;670505;1,161;1,146
201438;7978;630585;1,265;1,149
201439;6995;562731;1,243;1,107
201440;10374;847743;1,22;1,18
201441;11297;838183;1,34;1,34
201442;12127;851638;1,42;1,39
201443;12474;868755;1,43;1,44
201444;12490;862144;1,44;1,44
201445;14102;866246;1,62;1,65
201446;14109;849511;1,66;1,64
201447;16967;835555;2,03;2,09
201448;17911;674251;2,65;2,58
201449;23247;883417;2,63;2,57
201450;29627;857996;3,45;3,65
201451;37800;839853;4,5;4,96
201452;40664;664641;6,11;5,99
201453;37238;697718;5,33;5,51
201501;31870;779124;4,09;4,23
201502;31613;796284;3,97;4,25
201503;33630;807737;4,16;4,25
201504;30943;797511;3,87;3,96
201505;28563;826112;3,45;3,62
201506;25577;832742;3,07;3,25
201507;21469;750032;2,86;2,97
201508;19512;818991;2,38;2,58
201509;18788;793770;2,36;2,51
201510;18143;809260;2,24;2,4
201511;16987;808539;2,1;2,21
201512;16425;805058;2,04;2,08
201513;15253;774945;1,96;1,99
201514;13988;789396;1,77;1,76
201515;12311;802884;1,53;1,58
201516;11021;759878;1,45;1,4
201517;11311;764432;1,47;1,49
201518;10946;751690;1,45;1,42
201519;9891;718343;1,37;1,38
201520;9289;683666;1,35;1,29
201521;8198;618554;1,32;1,26
201522;7226;613744;1,17;1,23
201523;7029;611983;1,14;1,11
201524;6079;604481;1;0,98
201525;6129;592727;1,03;0,98
201526;5416;533964;1,01;0,99
201527;5291;590571;0,89;0,9
201528;5025;589265;0,85;0,84
201529;4879;581029;0,83;0,79
201530;4713;564240;0,83;0,76
201531;4908;570285;0,86;0,79
201532;4845;572498;0,84;0,81
201533;5305;599672;0,88;0,85
201534;5645;607104;0,92;0,85
201535;6045;590887;1,02;0,92
201536;6124;550931;1,11;0,96
201537;7108;613600;1,15;1,1
201538;7702;602927;1,27;1,18
201539;7082;546189;1,29;1,12
201540;10205;814503;1,3;1,2
201541;10697;809033;1,3;1,3
201542;11582;827238;1,4;1,4
201543;11159;821596;1,4;1,4
201544;12479;848307;1,5;1,4
201545;12680;826121;1,5;1,5
201546;13492;838073;1,6;1,6
201547;12149;638819;1,9;1,9
201548;14613;840747;1,7;1,7
201549;14992;823133;1,8;1,8
201550;15400;781499;2;1,9
201551;14805;611577;2,4;2,3
201552;15666;649067;2,4;2,4
201601;15648;784274;2;2
201602;15507;778006;2;2
201603;15565;738719;2,1;2,1
201604;18124;829706;2,2;2,2
201605;18927;821321;2,3;2,4
201606;21732;811046;2,7;2,8
201607;24618;827036;3;3,1
201608;26397;846437;3,1;3,1
201609;28228;850097;3,3;3,3
201610;30319;845684;3,6;3,5
201611;24821;802223;3,1;3,1
201612;21874;784396;2,8;2,8
201613;19537;773450;2,5;2,4
201614;16711;788495;2,1;2
201615;16249;791886;2,1;2
201616;15447;773326;2;1,9
201617;13826;775528;1,8;1,7
201618;11847;738148;1,6;1,6
201619;10680;727948;1,5;1,4
201620;9670;678249;1,4;1,3
201621;8624;623248;1,4;1,2
201622;7861;586703;1,3;1,1
201623;7089;620203;1,1;1
201624;6602;604831;1,1;1
201625;5900;591292;1;0,9
201626;5576;561749;1;0,8
201627;5045;542509;0,9;0,8
201628;4991;590121;0,8;0,7
201629;4932;585789;0,8;0,7
201630;4799;576073;0,8;0,7
201631;4457;563110;0,8;0,7
201632;4754;567978;0,8;0,7
201633;5148;598797;0,9;0,7
201634;6012;600382;1;0,8
201635;6147;581710;1,1;1
201636;6304;558194;1,1;1
201637;7132;613434;1,2;1,1
201638;7762;616620;1,3;1,1
201639;6959;514549;1,4;1,3
201640;10920;869249;1,3;1,2
201641;10997;851042;1,3;1,2
201642;11926;896532;1,3;1,3
201643;12592;886688;1,4;1,4
201644;13747;877864;1,6;1,5
201645;14258;863967;1,7;1,6
201646;15160;875353;1,7;1,6
201647;14208;698702;2;1,9
201648;16579;882691;1,9;1,8
201649;16966;847426;2;1,9
201650;18463;811687;2,3;2,2
201651;21570;740295;2,9;2,7
201652;24900;701866;3,5;3,4
201701;24171;784947;3,1;3,1
201702;24888;824092;3;3,1
201703;28723;845197;3,4;3,5
201704;31159;883608;3,5;3,8
201705;36421;901703;4;4,4
201706;42804;901679;4,7;5,1
201707;40977;882638;4,6;4,8
201708;39984;877587;4,6;4,6
201709;30106;873308;3,4;3,5
201710;28019;850650;3,3;3,5
201711;25474;805503;3,2;3,2
201712;27344;871098;3,1;3,1
201713;24358;845609;2,9;2,8
201714;19671;830070;2,4;2,4
201715;15541;803063;1,9;2
201716;13010;792659;1,6;1,7
201717;11947;808246;1,5;1,6
201718;10757;786083;1,4;1,4
201719;10185;760483;1,3;1,3
201720;9809;728404;1,3;1,3
201721;8559;675438;1,3;1,2
201722;7752;615947;1,3;1,1
201723;7551;651370;1,2;1
201724;6634;631386;1,1;0,9
201725;6264;632284;1;0,9
201726;5596;580228;1;0,9
201727;5326;555534;1;0,8
201728;4961;597316;0,8;0,8
201729;4764;582665;0,8;0,7
201730;4883;594423;0,8;0,7
201731;4886;581304;0,8;0,7
201732;4901;583378;0,8;0,7
201733;5194;579947;0,9;0,8
201734;6612;616655;1,1;0,9
201735;7065;617684;1,1;1,1
201736;6980;601131;1,2;1,1
201737;8124;701118;1,2;1,1
201738;8034;664845;1,2;1,1
201739;7976;624684;1,3;1,2
201740;12839;1002737;1,3;1,3
201741;13267;996462;1,3;1,3
201742;14319;1016916;1,4;1,3
201743;15832;1006852;1,6;1,5
201744;17069;1001995;1,7;1,7
201745;19057;1020991;1,9;1,9
201746;21892;1054142;2,1;2,1
201747;19816;848217;2,3;2,3
201748;23752;1057209;2,2;2,3
201749;24955;1000021;2,5;2,6
201750;31502;984114;3,2;3,4
201751;42782;963843;4,4;4,7
201752;45255;828260;5,5;5,7
201801;47269;882190;5,4;5,7
201802;56761;1027299;5,5;5,9
201803;63036;993288;6,3;6,5
201804;77326;1101642;7;7,2
201805;85985;1104983;7,8;7,5
201806;87825;1130236;7,8;7,4
201807;76210;1118629;6,8;6,5
201808;53025;1028002;5,2;5
201809;36064;1013041;3,6;3,7
201810;29133;969266;3;3,2
201811;25938;949847;2,7;2,8
201812;23805;960638;2,5;2,5
201813;20693;875510;2,4;2,4
201814;19074;938821;2;2,1
201815;16664;923693;1,8;1,8
201816;14869;936780;1,6;1,6
201817;14552;946003;1,5;1,5
201818;13291;916626;1,4;1,5
201819;11619;909493;1,3;1,3
201820;11066;906541;1,2;1,2
201821;10583;860651;1,2;1,2
201822;9582;782547;1,2;1,1
201823;8674;824988;1,1;1
201824;7549;769228;1;0,9
201825;7341;773292;0,9;0,9
201826;6920;795361;0,9;0,9
201827;6244;755383;0,8;0,8
201828;6482;837323;0,8;0,7
201829;5755;813211;0,7;0,7
201830;5476;796332;0,7;0,6
201831;5588;810306;0,7;0,6
201832;5833;790424;0,7;0,7
201833;6518;797259;0,8;0,7
201834;7257;761175;1;0,8
201835;8047;820251;1;0,9
201836;9447;816947;1,2;1,1
201837;9951;850830;1,2;1,2
201838;10982;819813;1,3;1,2
201839;11159;773778;1,4;1,2
201840;17975;1266076;1,4;1,4
201841;18652;1266257;1,5;1,4
201842;19948;1254844;1,6;1,5
201843;21634;1256271;1,7;1,6
201844;23169;1258405;1,8;1,8
201845;24085;1249921;1,9;1,9
201846;24419;1171062;2,1;2
201847;24635;1026187;2,4;2,2
201848;29096;1296156;2,2;2,1
201849;28377;1233986;2,3;2,3
201850;33113;1212127;2,7;2,6
201851;38260;1180820;3,2;3,1
201852;44012;1052725;4,2;4
201901;42135;1160440;3,6;3,5
201902;38815;1237552;3,1;3,1
201903;41199;1225384;3,4;3,3
201904;46241;1191426;3,9;3,8
201905;55264;1222020;4,5;4,3
201906;69732;1340765;5,2;4,9
201907;70056;1292464;5,4;5
201908;66461;1260932;5,3;4,9
201909;58802;1281115;4,6;4,5
201910;55431;1260615;4,4;4,4
201911;53177;1288273;4,1;4,2
201912;45668;1303765;3,5;3,7
201913;37948;1244935;3;3,1
201914;32941;1229217;2,7;2,7
201915;27854;1229148;2,3;2,3
201916;23147;1178058;2;2
201917;20610;1196855;1,7;1,7
201918;18864;1199386;1,6;1,6
201919;17107;1173980;1,5;1,5
201920;16459;1094840;1,5;1,5
201921;15730;1118643;1,4;1,4
201922;14762;1048537;1,4;1,4
201923;13443;1082231;1,2;1,2
201924;12089;1074387;1,1;1,1
201925;10640;1050801;1;1
201926;10001;1039544;1;1
201927;8676;987961;0,9;0,9
201928;8407;1054611;0,8;0,8
201929;8092;1052753;0,8;0,8
201930;7755;1034062;0,7;0,7
201931;7851;1034095;0,8;0,7
201932;8031;1039333;0,8;0,8
201933;8933;1063557;0,8;0,7
201934;9971;1052884;0,9;0,8
201935;11747;1074889;1,1;1
201936;12908;1056365;1,2;1,1
201937;14394;1115499;1,3;1,2
201938;15478;1095226;1,4;1,2
201939;16283;1085226;1,5;1,3
201940;21916;1458307;1,5;1,5
201941;22954;1436748;1,6;1,6
201942;24886;1430800;1,7;1,7
201943;27419;1473831;1,9;1,8
201944;28910;1435369;2;2
201945;34586;1463253;2,4;2,4
201946;37732;1426928;2,6;2,6
201947;44161;1484969;3;2,9
201948;44044;1275199;3,5;3,4
201949;48904;1476208;3,3;3,3
201950;56444;1458774;3,9;3,9
201951;71594;1424436;5;5,1
201952;95757;1338669;7,2;7,1
202001;88731;1426691;6,2;5,9
202002;75614;1492251;5,1;4,9
202003;79783;1489132;5,4;5,3
202004;90150;1496826;6;6,1
202005;108307;1575900;6,9;6,7
202006;111361;1571657;7,1;6,8
202007;95418;1533883;6,2;6,1
202008;80559;1433517;5,6;5,5
202009;74823;1466346;5,1;5,1
202010;78779;1489410;5,3;5,3
202011;89607;1425172;6,3;5,7
202012;78584;1068755;7,4;6,4
202013;53142;853431;6,2;4,9
202014;36251;750546;4,8;3,8
202015;24974;718953;3,5;2,8
202016;18274;709970;2,6;2,1
202017;15164;750576;2;1,7
202018;12821;790883;1,6;1,4
202019;11058;817791;1,4;1,2
202020;10480;846493;1,2;1,1
202021;11391;1055626;1,1;1
202022;9589;1076481;0,9;0,9
202023;9296;1128275;0,8;0,8
202024;9548;1167196;0,8;0,9
202025;11838;1240456;1;0,9
202026;15445;1280330;1,2;1,2
202027;17765;1281501;1,4;1,3
202028;19968;1352649;1,5;1,4
202029;19178;1330981;1,4;1,3
202030;16474;1348790;1,2;1,2
202031;15458;1339816;1,2;1,2
202032;14051;1325363;1,1;1,1
202033;13024;1328244;1;1
202034;12748;1330696;1;1
202035;12969;1337213;1;1
202036;12031;1312893;0,9;0,9
202037;12837;1303770;1;1
202038;12740;1317204;1;1
202039;13609;1332275;1;1
202040;16564;1541405;1,1;1,1
202041;19175;1616445;1,2;1,2
202042;17258;1583372;1,1;1,1
202043;18163;1580601;1,1;1,2
202044;18624;1564737;1,2;1,3
202045;21402;1602507;1,3;1,4
202046;22623;1641546;1,4;1,5
202047;22720;1592274;1,4;1,5
202048;21320;1425036;1,5;1,6
202049;22305;1539414;1,4;1,6
202050;22219;1553919;1,4;1,5
202051;20885;1493567;1,4;1,5
202052;19852;1362222;1,5;1,6
202053;22436;1458471;1,5;1,6
202101;22720;1583253;1,4;1,5
202102;19194;1518732;1,3;1,3
202103;18353;1515306;1,2;1,3
202104;16907;1506118;1,1;1,1
202105;16101;1487956;1,1;1,2
202106;14108;1446976;1;1
202107;12601;1388429;0,9;1
202108;13347;1550845;0,9;0,9
202109;13017;1544432;0,8;0,8
202110;14098;1560307;0,9;0,9
202111;14578;1551491;0,9;0,9
202112;15359;1599223;1;0,9
202113;15994;1602436;1;1
202114;18148;1682997;1,1;1,1
202115;19175;1728715;1,1;1,1
202116;19313;1678809;1,2;1,1
202117;20132;1702185;1,2;1,1
202118;19936;1649432;1,2;1,1
202119;20372;1623348;1,3;1,2
202120;21259;1682126;1,3;1,2
202121;19671;1651394;1,2;1,1
202122;20141;1609046;1,3;1,2
202123;19184;1674023;1,1;1,1
202124;19672;1659203;1,2;1,2
202125;19896;1643339;1,2;1,2
202126;20102;1656547;1,2;1,2
202127;22357;1682135;1,3;1,3
202128;25260;1746819;1,4;1,4
202129;30542;1782750;1,7;1,7
202130;35202;1837483;1,9;1,8
202131;37730;1831106;2,1;2
202132;40048;1849388;2,2;2,1
202133;42555;1841493;2,3;2,2
202134;42655;1848918;2,3;2,2
202135;40392;1795874;2,2;2,3
202136;39088;1767696;2,2;2,2
202137;35705;1783991;2;2,1
202138;33538;1728658;1,9;1,9
202139;28635;1547974;1,8;1,9
202140;39384;2009113;2;2
202141;37489;1972863;1,9;1,9
202142;35684;1918446;1,9;1,9
202143;36616;1934216;1,9;2
202144;39986;1917029;2,1;2,1
202145;44242;1989010;2,2;2,3
202146;47047;1996913;2,4;2,4
202147;43297;1762035;2,5;2,5
202148;52670;2056322;2,6;2,6
202149;55027;2026604;2,7;2,7
202150;62539;2018579;3,1;3,1
202151;79184;1941911;4,1;4
202152;113921;2246767;5,1;4,9
202201;92970;2175808;4,3;4,3
202202;69158;2025052;3,4;3,5
202203;48682;1811426;2,7;2,8
202204;34720;1763472;2;2,1
202205;25809;1655407;1,6;1,7
202206;23719;1771418;1,3;1,4
202207;23930;1746548;1,4;1,5
202208;23620;1725277;1,4;1,5
202209;25786;1812657;1,4;1,6
202210;28073;1815454;1,5;1,7
202211;31342;1867703;1,7;1,8
202212;32433;1873589;1,7;1,9
202213;34811;1877763;1,9;2
202214;38128;1912563;2;2,1
202215;40953;1923288;2,1;2,2
202216;42072;1927606;2,2;2,2
202217;44980;2033467;2,2;2,2
202218;47787;1979594;2,4;2,4
202219;53370;2060544;2,6;2,5
202220;54053;2075674;2,6;2,5
202221;53989;2038252;2,6;2,4
202222;51874;1961709;2,6;2,4
202223;45238;1972429;2,3;2,2
202224;40248;1940429;2,1;2
202225;37830;1972078;1,9;1,9
202226;34569;1918512;1,8;1,8
202227;34995;1951064;1,8;1,8
202228;33010;1978013;1,7;1,7
202229;32611;1979969;1,6;1,7
202230;32040;1943956;1,6;1,7
202231;29646;1958288;1,5;1,5
202232;28922;1910320;1,5;1,5
202233;31572;1949374;1,6;1,6
202234;35787;1976109;1,8;1,8
202235;37525;1977718;1,9;2
202236;38299;1964550;1,9;2
202237;39568;2000332;2;2
202238;44086;2003280;2,2;2,3
202239;44409;1919137;2,3;2,4
202240;57265;2209359;2,6;2,6
202241;63388;2223106;2,9;3
202242;75615;2279700;3,3;3,3
202243;109496;2462467;4,4;4,4
202244;139247;2510305;5,5;5,5
202245;140055;2468962;5,7;5,8
202246;137419;2396019;5,7;6
202247;164936;2237505;7,4;7,5
202248;185673;2564503;7,2;7,2
202249;167248;2448985;6,8;6,8
202250;151672;2347026;6,5;6,3
202251;129978;2116491;6,1;6
202252;112531;2058533;5,5;5,3
202301;92034;2257219;4,1;3,9
202302;67720;2214718;3,1;3
202303;57770;2134322;2,7;2,6
202304;58231;2179097;2,7;2,6
202305;59326;2208786;2,7;2,6
202306;62258;2301891;2,7;2,6
202307;59665;2262519;2,6;2,6
202308;57223;2212367;2,6;2,5
202309;55682;2278801;2,4;2,4
202310;54686;2274369;2,4;2,4
202311;54263;2228243;2,4;2,4
202312;55394;2295244;2,4;2,3
202313;53342;2270922;2,3;2,3
202314;48355;2191695;2,2;2,1
202315;46725;2254413;2,1;2
202316;44507;2277306;2;1,9
202317;44802;2270577;2;1,9
202318;45582;2259439;2;2
202319;45769;2295923;2;1,9
202320;43287;2201307;2;1,9
202321;41516;2168823;1,9;1,8
202322;41589;2145458;1,9;1,9
202323;36939;2181788;1,7;1,6
202324;33880;2151323;1,6;1,5
202325;30884;2138540;1,4;1,4
202326;28485;2151296;1,3;1,3
202327;26646;2063853;1,3;1,2
202328;25895;2154541;1,2;1,2
202329;25791;2162348;1,2;1,1
202330;26409;2145297;1,2;1,2
202331;26883;2131262;1,3;1,2
202332;29301;2154580;1,4;1,3
202333;33648;2184448;1,5;1,5
202334;40959;2241822;1,8;1,7
202335;44050;2224209;2;2
202336;44396;2191629;2;2
202337;44948;2248682;2;2
202338;47616;2225296;2,1;2
202339;48462;2203925;2,2;2,1
